orgid,orgname,industry,asset_type,min,max,hidemax,type,lobbies,contributes
"",Bank of America/Savings,Unknown,Cash/Money Market/Savings/Checking,1000001,5001000,0,T,,
"",Say Pease II/IV LLC,Real Estate,,250001,500000,0,T,,
"",Real Estate,Real Estate,,200002,500000,0,T,,
D000000149,Bristol-Myers Squibb,Pharm/Health Prod,,250001,500000,0,T,Y,
"",222 International Drive LP,Real Estate,,150002,350000,0,T,,
"",Scenera LLC,Electronics Mfg/Eqp,,100001,250000,0,T,,
"",Say Pease LLC,Real Estate,,100001,250000,0,T,,
"",Federal Credit Union NOW/Savings,Unknown,Cash/Money Market/Savings/Checking,100001,250000,0,T,,
D000000079,Verizon Communications,Telephone Utilities,,50001,100000,0,T,Y,
"",Travelers Managed Asset Plan,Unknown,"Brokerage, IRA, 401k",50001,100000,0,T,,
"",Real Estate/unimproved land,Real Estate,,50001,100000,0,T,,
"",Mead Johnson,Unknown,,50001,100000,0,T,,
"",Flashpoint Technology,Electronics Mfg/Eqp,,50001,100000,0,T,,
D000000129,Exxon Mobil,Oil & Gas,,50001,100000,0,T,Y,
"",AEA Mezzanine Fund,Securities/Invest,Mutual Fund,50001,100000,0,T,,
"",395 Marlborough LLC,Real Estate,,50001,100000,0,T,,
"",180 International LLC,Real Estate,,50001,100000,0,T,,
"",175 Purchase Street LLC,Real Estate,,50001,100000,0,T,,
"",Virtual Homes LLC,Electronics Mfg/Eqp,,15001,50000,0,T,,
D000065292,Toronto-Dominion Bank,Commercial Banks,,15001,50000,0,T,Y,
D000029185,Staples Inc,Retail Sales,,15001,50000,0,T,,
"",Say Pease VII LRC,Real Estate,,15001,50000,0,T,,
D000000215,Sanofi,Pharm/Health Prod,,15001,50000,0,T,Y,
D000000206,Occidental Petroleum,Oil & Gas,,15001,50000,0,T,Y,
"",NH Retail LLC,Real Estate,,15001,50000,0,T,,
D000000805,KeyCorp,Commercial Banks,,15001,50000,0,T,Y,
D000000103,JPMorgan Chase & Co,Commercial Banks,,15001,50000,0,T,Y,
D000026492,HJ Heinz Co,Food Process/Sales,,15001,50000,0,T,Y,
"",GSC Recovery Fund IIA,Unknown,Mutual Fund,15001,50000,0,T,,
D000000125,General Electric,Misc Mfg/Distrib,,15001,50000,0,T,Y,
D000064191,Fairchild Semiconductor,Electronics Mfg/Eqp,,15001,50000,0,T,,
"",Commonwealth Bank,Commercial Banks,Unknown,15001,50000,0,T,,
D000021891,Capital One Financial,Finance/Credit,,15001,50000,0,T,Y,
"",BlackRock Enhanced Capital & Income Fund,Unknown,Mutual Fund,15001,50000,0,T,,
D000060313,Bemis Co,Misc Mfg/Distrib,,15001,50000,0,T,,
"",Battery Venture Capital,Securities/Invest,,15001,50000,0,T,,
"",Alderwood Group,Real Estate,,15001,50000,0,T,,
"",AEA Middle Market Fund,Securities/Invest,Mutual Fund,15001,50000,0,T,,
"",ICB Financial,Misc Finance,,2002,30000,0,T,,
D000000155,General Motors,Automotive,,2002,30000,0,T,Y,
D000000076,AT&T Inc,Telephone Utilities,,2002,30000,0,T,Y,
"",Woodhaven LP,Securities/Invest,,1001,15000,0,T,,
"",Woodhaven III LP,Securities/Invest,,1001,15000,0,T,,
"",Towne Bank,Commercial Banks,Cash/Money Market/Savings/Checking,1001,15000,0,T,,
"",TBHS Bank,Unknown,Cash/Money Market/Savings/Checking,1001,15000,0,T,,
D000064294,Reliant Resources,Electric Utilities,,1001,15000,0,T,,
"",Regal Financial Bank,Commercial Banks,Cash/Money Market/Savings/Checking,1001,15000,0,T,,
"",RBC Raucher Fund,Unknown,Mutual Fund,1001,15000,0,T,,
D000000485,Procter & Gamble,Misc Mfg/Distrib,,1001,15000,0,T,Y,
"",Pixami Investors,Securities/Invest,,1001,15000,0,T,,
"",Photran LLC,Telecom Svcs,,1001,15000,0,T,,
D000000138,Pfizer Inc,Pharm/Health Prod,,1001,15000,0,T,Y,
"",Pan American Bank,Commercial Banks,Cash/Money Market/Savings/Checking,1001,15000,0,T,,
"",Old Line BancShares,Commercial Banks,Cash/Money Market/Savings/Checking,1001,15000,0,T,,
"",National Bankshares,Unknown,Cash/Money Market/Savings/Checking,1001,15000,0,T,,
D000022887,MONY Group,Insurance,,1001,15000,0,T,,
D000000275,Merck & Co,Pharm/Health Prod,,1001,15000,0,T,Y,
D000000386,Johnson & Johnson,Pharm/Health Prod,,1001,15000,0,T,Y,
D000000720,IBM Corp,Electronics Mfg/Eqp,,1001,15000,0,T,Y,
D000000716,Hewlett-Packard,Electronics Mfg/Eqp,,1001,15000,0,T,Y,
"",Gateway Financial Holdings,Misc Finance,Mutual Fund,1001,15000,0,T,,
"",Gateway Bank,Commercial Banks,Cash/Money Market/Savings/Checking,1001,15000,0,T,,
"",Fla Capital Group,Unknown,Cash/Money Market/Savings/Checking,1001,15000,0,T,,
D000021207,First Security Bank,Commercial Banks,Cash/Money Market/Savings/Checking,1001,15000,0,T,,
"",First NBC Bank,Commercial Banks,Cash/Money Market/Savings/Checking,1001,15000,0,T,,
D000025320,Delphi Automotive,Automotive,,1001,15000,0,T,Y,
D000042633,Del Monte Foods,Food Process/Sales,,1001,15000,0,T,Y,
"",Commonwealth Bank,Commercial Banks,,1001,15000,0,T,,
"",Coast Financial,Misc Finance,Cash/Money Market/Savings/Checking,1001,15000,0,T,,
D000000010,Citicorp,Commercial Banks,,1001,15000,0,T,,
"",California Oak State Bank,Commercial Banks,Cash/Money Market/Savings/Checking,1001,15000,0,T,,
"",Breakaway Solutions,Unknown,,1001,15000,0,T,,
"",Bladelogic,Unknown,,1001,15000,0,T,,
"",Bank of Virginia,Commercial Banks,Cash/Money Market/Savings/Checking,1001,15000,0,T,,
"",Bank of Choice,Commercial Banks,Cash/Money Market/Savings/Checking,1001,15000,0,T,,
D000000090,Bank of America,Commercial Banks,,1001,15000,0,T,Y,
D000019838,Agilent Technologies,Electronics Mfg/Eqp,,1001,15000,0,T,Y,
"",Temple West LLC,Real Estate,,0,1000,0,T,,
"",Motor Liquid Inc,Unknown,,0,1000,0,T,,
D000025111,Consolidated Edison Inc,Electric Utilities,,0,1000,0,T,Y,
D000000091,BP,Oil & Gas,,0,1000,0,T,Y,
