orgid,orgname,industry,asset_type,min,max,hidemax,type,lobbies,contributes
"",Sam & Mary S Brownback Blind Trust 2000,Unknown,"Brokerage, IRA, 401k",1000001,5000000,0,Y,,
"",Title Midwest Inc,Unknown,,500001,1000000,0,Y,,
"",Credit Suisse Capital Appreciation Fund,Unknown,Mutual Fund,250001,500000,0,Y,,
"",Condominium/Washington DC,Real Estate,,250001,500000,0,Y,,
"","Farmland/335 Acres/Linn County, KS",Crop Production,,100001,250000,0,Y,,
"",Credit Suisse Short Duration Bond Fund,Unknown,Mutual Fund,100001,250000,0,Y,,
"",Credit Suisse International Focus Fund,Unknown,Mutual Fund,100001,250000,0,Y,,
"",Lord Abbett Affiliated Fund,Unknown,Mutual Fund,65002,150000,0,Y,,
D000000720,IBM Corp,Electronics Mfg/Eqp,,30002,101000,0,Y,Y,
"",Waddell & Reed Advisors Core Investment,Unknown,Mutual Fund,30002,100000,0,Y,,
D000021677,SBC Communications,Telephone Utilities,,50001,100000,0,Y,,
"",Putnam Voyager Fund,Unknown,Mutual Fund,30002,100000,0,Y,,
"",Credit Suisse Mid Cap Growth Fund,Unknown,Mutual Fund,50001,100000,0,Y,,
D000000212,Coca-Cola Co,Food & Beverage,,30002,100000,0,Y,Y,
"",Nektar Therapeutic Systems,Unknown,,16002,65000,0,Y,,
D000031010,Western National Bank,Commercial Banks,,15001,50000,0,Y,,
"",US Bank/Checking,Unknown,Cash/Money Market/Savings/Checking,15001,50000,0,Y,,
D000000487,US Bancorp,Commercial Banks,,15001,50000,0,Y,Y,Y
"",Putnam Money Market,Unknown,Cash/Money Market/Savings/Checking,15001,50000,0,Y,,
"",Credit Suisse Small Company Value Fund,Unknown,Mutual Fund,15001,50000,0,Y,,
"",Capitol Federal Savings/Savings,Unknown,Cash/Money Market/Savings/Checking,15001,50000,0,Y,,
"",Capitol Federal Savings/Cash,Unknown,Cash/Money Market/Savings/Checking,15001,50000,0,Y,,
D000000091,BP,Oil & Gas,,15001,50000,0,Y,Y,Y
"",AllianceBernstein Municipal Trust MM,Unknown,Cash/Money Market/Savings/Checking,15001,50000,0,Y,,
"",Capitol Federal Financial,Misc Finance,,2002,30000,0,Y,,
D000000079,Verizon Communications,Telephone Utilities,,1001,16000,0,Y,Y,Y
"",Piper Jaffray Prime Obligations Fund,Unknown,Mutual Fund,1001,15000,0,Y,,
D000000530,Lucent Technologies,Telecom Svcs,,1001,15000,0,Y,Y,
"",GMO 253 Corp,Unknown,"""Account"" or Combination of other types (I.e.Stocks & Bonds)",1001,15000,0,Y,,
"",Eastman Kodak Dividend Reinvestment Plan,Unknown,"""Account"" or Combination of other types (I.e.Stocks & Bonds)",1001,15000,0,Y,,
D000000570,Eastman Kodak,Misc Mfg/Distrib,,1001,15000,0,Y,Y,
D000000744,Eastman Chemical,Chemicals,,1001,15000,0,Y,Y,
"",Community National Bank/CD,Unknown,Cash/Money Market/Savings/Checking,1001,15000,0,Y,,
"",Commerce Bank & Trust/Savings,Unknown,Cash/Money Market/Savings/Checking,1001,15000,0,Y,,
"",Cash,Unknown,Cash/Money Market/Savings/Checking,1001,15000,0,Y,,
"",4 Your Soul Inc,Unknown,,1001,15000,0,Y,,
D000019743,Wells Fargo,Commercial Banks,,0,1000,0,Y,Y,
D000000128,Walt Disney Co,TV/Movies/Music,,0,1000,0,Y,Y,Y
D000000367,Wal-Mart Stores,Retail Sales,,0,1000,0,Y,Y,Y
D000021573,Wachovia Corp,Commercial Banks,,0,1000,0,Y,Y,
D000000190,Viacom Inc,TV/Movies/Music,,0,1000,0,Y,Y,Y
D000000209,United Technologies,Defense Aerospace,,0,1000,0,Y,Y,Y
"",Tyco International,Pharm/Health Prod,,0,1000,0,Y,,
"",Tribune Co,Publishing,,0,1000,0,Y,,
D000030442,TJX Companies,Retail Sales,,0,1000,0,Y,,
D000000722,Texas Instruments,Electronics Mfg/Eqp,,0,1000,0,Y,Y,
D000000619,Target Corp,Retail Sales,,0,1000,0,Y,Y,
D000029309,Symantec Corp,Electronics Mfg/Eqp,,0,1000,0,Y,Y,
D000029194,State Street Corp,Securities/Invest,,0,1000,0,Y,Y,
D000029172,St Jude Medical,Pharm/Health Prod,,0,1000,0,Y,Y,
D000042525,Royal Dutch Petroleum,Oil & Gas,,0,1000,0,Y,Y,Y
D000000485,Procter & Gamble,Chemicals,,0,1000,0,Y,Y,Y
D000028426,PPG Industries,Chemicals,,0,1000,0,Y,Y,
D000000138,Pfizer Inc,Pharm/Health Prod,,0,1000,0,Y,Y,Y
D000000200,PepsiCo Inc,Food & Beverage,,0,1000,0,Y,Y,Y
D000022170,Omnicom Group,Business Services,,0,1000,0,Y,Y,Y
D000028035,Northern Trust,Commercial Banks,,0,1000,0,Y,,
D000000108,Merrill Lynch,Securities/Invest,,0,1000,0,Y,Y,Y
D000022112,Mellon Financial,Commercial Banks,,0,1000,0,Y,,
D000022110,Medtronic Inc,Pharm/Health Prod,,0,1000,0,Y,Y,
"",Maxim Integrated Products,Electronics Mfg/Eqp,,0,1000,0,Y,,
D000000103,JPMorgan Chase & Co,Commercial Banks,,0,1000,0,Y,Y,Y
D000000386,Johnson & Johnson,Pharm/Health Prod,,0,1000,0,Y,Y,Y
D000000326,JC Penney,Retail Sales,,0,1000,0,Y,Y,Y
D000000804,Intel Corp,Electronics Mfg/Eqp,,0,1000,0,Y,Y,
D000000716,Hewlett-Packard,Electronics Mfg/Eqp,,0,1000,0,Y,Y,Y
D000000677,Hartford Financial Services,Insurance,,0,1000,0,Y,Y,
D000000467,General Mills,Food Process/Sales,,0,1000,0,Y,Y,Y
D000000125,General Electric,Misc Mfg/Distrib,,0,1000,0,Y,Y,Y
D000033753,Forest Laboratories,Pharm/Health Prod,,0,1000,0,Y,,
D000000089,FedEx Corp,Air Transport,,0,1000,0,Y,Y,Y
"",Federated Department Stores,Retail Sales,,0,1000,0,Y,,
D000000129,Exxon Mobil,Oil & Gas,,0,1000,0,Y,Y,Y
"",Express Card & Label Co,Publishing,,0,1000,0,Y,,
D000000468,Estee Lauder Companies,Misc Mfg/Distrib,,0,1000,0,Y,Y,
D000019828,Emerson Electric,Misc Mfg/Distrib,,0,1000,0,Y,Y,
"",Electronic Arts,Electronics Mfg/Eqp,,0,1000,0,Y,,
D000025483,Devon Energy,Oil & Gas,,0,1000,0,Y,Y,
"",Dell Inc,Electronics Mfg/Eqp,,0,1000,0,Y,,
D000021651,Dean Foods,Dairy,,0,1000,0,Y,Y,Y
D000025214,CVS Health,Retail Sales,,0,1000,0,Y,Y,
D000000303,ConocoPhillips,Oil & Gas,,0,1000,0,Y,Y,Y
D000024879,Clorox Co,Chemicals,,0,1000,0,Y,,
"",Clear Channel Communications,TV/Movies/Music,,0,1000,0,Y,,
D000000071,Citigroup Inc,Commercial Banks,,0,1000,0,Y,Y,Y
D000013160,Cingular Wireless,Telecom Svcs,,0,1000,0,Y,,
D000000320,Chubb Corp,Insurance,,0,1000,0,Y,Y,
D000021891,Capital One Financial,Finance/Credit,,0,1000,0,Y,Y,
D000047781,Biomet Inc,Pharm/Health Prod,,0,1000,0,Y,,
D000000099,BellSouth Corp,Telephone Utilities,,0,1000,0,Y,Y,Y
D000000090,Bank of America,Commercial Banks,,0,1000,0,Y,Y,Y
D000024214,Avon Products,Misc Mfg/Distrib,,0,1000,0,Y,Y,
D000045945,Avery Dennison Corp,Chemicals,,0,1000,0,Y,,
D000031719,Automatic Data Processing Inc,Business Services,,0,1000,0,Y,,
D000000076,AT&T Inc,Telephone Utilities,,0,1000,0,Y,Y,Y
"",American Standard Companies,Misc Mfg/Distrib,,0,1000,0,Y,,
D000000383,Abbott Laboratories,Pharm/Health Prod,,0,1000,0,Y,Y,
